id,title,org,url,category,subcategory,lab_type,hazard_types,source_type,version,date,max_sections
OSHA-1910-1450,OSHA 29 CFR 1910.1450 Occupational Exposure to Hazardous Chemicals in Laboratories,OSHA,https://www.osha.gov/laws-regs/regulations/standardnumber/1910/1910.1450,化学,实验室化学品职业暴露,化学,危险化学品;职业暴露;化学卫生计划,public_authoritative_source,e-CFR,,45
NIH-CSG,NIH Chemical Safety Guide,NIH Office of Research Services,https://ors.od.nih.gov/sr/dohs/Documents/chemical-safety-guide.pdf,化学,化学安全指南,化学,危险化学品;PPE;通风柜;储存;废弃物,public_authoritative_source,,,100
NIH-CHP,NIH Chemical Hygiene Plan,NIH Office of Research Services,https://ors.od.nih.gov/sr/dohs/Documents/chemical-hygiene-plan.pdf,化学,化学卫生计划,化学,化学卫生计划;危险化学品;责任分工;SOP,public_authoritative_source,,,80
NIH-SEG,NIH Chemical Segregation and Storage,NIH Office of Research Services,https://ors.od.nih.gov/sr/dohs/Documents/chemical-segregation-and-storage.pdf,化学,化学品分类储存,化学,化学品储存;不相容化学品;腐蚀性;氧化剂;易燃品,public_authoritative_source,,,20
NIH-GAS-CRYO,NIH Compressed Gas and Cryogen Safety Guidelines,NIH Office of Research Services,https://ors.od.nih.gov/sr/dohs/Documents/compressed-gas-and-cryogen-safety-guidelines-document.pdf,化学,压缩气体与低温液体,化学/物理,压缩气体;低温液体;窒息;爆炸;冻伤,public_authoritative_source,,,24
NIH-PEROXIDE,NIH Managing Peroxide Formers in the Lab,NIH Office of Research Services,https://ors.od.nih.gov/sr/dohs/Documents/managing-peroxide-formers-in-the-lab.pdf,化学,过氧化物形成化学品,化学,过氧化物;爆炸;储存期限;检测,public_authoritative_source,,,16
NIH-PYRO,NIH Managing Pyrophoric and Water Reactive Chemicals in the Laboratories,NIH Office of Research Services,https://ors.od.nih.gov/sr/dohs/Documents/managing-pyrophoric-and-water-reactive-chemicals-in-the-laboratories.pdf,化学,自燃和遇水反应化学品,化学,自燃化学品;遇水反应;火灾;惰性气氛,public_authoritative_source,,,18
NIH-COMPAT-STORAGE,NIH Fact Sheet on Compatible Chemical Storage,NIH Office of Research Services,https://ors.od.nih.gov/sr/dohs/Documents/fact-sheet-on-compatible-chemical-storage.pdf,化学,相容化学品储存,化学,化学品储存;不相容化学品;隔离;标签,public_authoritative_source,,,14
NIH-CABINET,NIH Fact Sheet on Chemical Storage Cabinets,NIH Office of Research Services,https://ors.od.nih.gov/sr/dohs/Documents/fact-sheet-on-chemical-storage-cabinets.pdf,化学,化学品储存柜,化学,化学品储存柜;易燃品;腐蚀品;隔离,public_authoritative_source,,,12
NIH-CRYOGEN-FS,NIH Fact Sheet on Cryogens,NIH Office of Research Services,https://ors.od.nih.gov/sr/dohs/Documents/cryogen-fact-sheet.pdf,化学,低温液体,化学/物理,低温液体;冻伤;窒息;压力风险,public_authoritative_source,,,20
NIH-PHS,NIH Fact Sheet on Particularly Hazardous Substances,NIH Office of Research Services,https://ors.od.nih.gov/sr/dohs/Documents/particularly-hazardous-substances-phs.pdf,化学,特别危险物质,化学,致癌物;急性毒性;生殖毒性;指定区域,public_authoritative_source,,,16
NIH-DCM,NIH Working Safely with Dichloromethane,NIH Office of Research Services,https://ors.od.nih.gov/sr/dohs/Documents/working-safely-with-dichloromethane.pdf,化学,二氯甲烷安全,化学,二氯甲烷;挥发性溶剂;职业暴露;通风柜,public_authoritative_source,,,14
NIH-DCM-PLAN,NIH Dichloromethane Health and Safety Plan,NIH Office of Research Services,https://ors.od.nih.gov/sr/dohs/Documents/nih-dichloromethane-health-and-safety-plan.pdf,化学,二氯甲烷健康安全计划,化学,二氯甲烷;健康安全计划;暴露控制;监测,public_authoritative_source,,,18
NIH-OEL,NIH Occupational Exposure Limits for Chemicals,NIH Office of Research Services,https://ors.od.nih.gov/sr/dohs/Documents/occupational-exposure-limits-for-chemicals.pdf,化学,职业暴露限值,化学,职业暴露限值;化学品;监测;风险评估,public_authoritative_source,,,10
NIH-FUME-HOOD-CLEAN,NIH How to Safely Clean Chemical Fume Hoods,NIH Office of Research Services,https://ors.od.nih.gov/sr/dohs/Documents/how-to-safely-clean-cfh-web.pdf,化学,通风柜清洁,化学,通风柜;污染清洁;PPE;化学残留,public_authoritative_source,,,12
NIH-LAB-SOP-TEMPLATE,NIH Lab Specific SOP Template,NIH Office of Research Services,https://ors.od.nih.gov/sr/dohs/Documents/lab-specific-sop-template.pdf,通用,实验室专用 SOP 模板,通用,SOP;风险评估;PPE;操作控制,public_authoritative_source,,,18
NIH-TOXIN,NIH Exempt Toxin Program Requirements,NIH Office of Research Services,https://ors.od.nih.gov/sr/dohs/Documents/exempt-toxin-program-requirements.pdf,生物,毒素项目要求,生物/化学,生物毒素;库存;安保;审批,public_authoritative_source,,,12
NIH-INACTIVATION,NIH SOP 900 Approval Process for Inactivation Methods for Infectious Material,NIH Office of Research Services,https://ors.od.nih.gov/sr/dohs/Documents/inactivation-method-review-process.pdf,生物,感染性材料灭活审批,生物,感染性材料;灭活;审批;验证,public_authoritative_source,,,14
CDC-BMBL6,"Biosafety in Microbiological and Biomedical Laboratories (BMBL), 6th Edition",CDC/NIH,https://www.cdc.gov/labs/pdf/SF__19_308133-A_BMBL6_00-BOOK-WEB-final-3.pdf,生物,生物安全,生物,生物安全;BSL;病原微生物;暴露控制,public_authoritative_source,6th Edition,,170
NIH-BMBL6,NIH-hosted BMBL 6th Edition,NIH Office of Research Services,https://ors.od.nih.gov/sr/dohs/Documents/biosafety-in-microbiological-and-biomedical-laboratories.PDF,生物,生物安全,生物,生物安全;BSL;病原微生物;暴露控制,public_authoritative_source,6th Edition,,80
NIH-LASER,NIH Laser Safety Program,NIH Office of Research Services,https://ors.od.nih.gov/sr/dohs/Documents/laser-safety-program.pdf,物理,激光安全,物理/工程,激光;眼损伤;皮肤损伤;受控区域,public_authoritative_source,,,25
NIH-LABCOAT,NIH Guidance for the Selection of Laboratory Coats,NIH Office of Research Services,https://ors.od.nih.gov/sr/dohs/Documents/laboratory-coat-selection-guidance.pdf,通用,PPE,通用,PPE;实验服;化学飞溅;火焰风险,public_authoritative_source,,,12
NIH-ECP,NIH Exposure Control Program,NIH Office of Research Services,https://ors.od.nih.gov/sr/dohs/Documents/exposure-control-plan.pdf,生物,血源性病原体暴露控制,生物/医学,血源性病原体;暴露控制;锐器;PPE,public_authoritative_source,,,50
NCBI-PRUDENT-OVERVIEW,Prudent Practices in the Laboratory: Handling and Management of Chemical Hazards,National Academies Press / NCBI Bookshelf,https://www.ncbi.nlm.nih.gov/books/NBK55873/,化学,化学品审慎实践,化学,危险化学品;风险评估;管理体系;通风;废弃物,public_authoritative_source,,,70
NCBI-PRUDENT-GENERAL,Prudent Practices in the Laboratory - General Laboratory Safety,National Academies Press / NCBI Bookshelf,https://www.ncbi.nlm.nih.gov/books/NBK55878/,通用,通用实验室安全,通用,通用安全;PPE;培训;设施,public_authoritative_source,,,28
NCBI-PRUDENT-EQUIPMENT,Prudent Practices in the Laboratory - Laboratory Equipment,National Academies Press / NCBI Bookshelf,https://www.ncbi.nlm.nih.gov/books/NBK55882/,通用,实验室设备安全,通用,设备安全;通风柜;玻璃器皿;压力系统,public_authoritative_source,,,28
NCBI-PRUDENT-CHEMICAL,Prudent Practices in the Laboratory - Working with Chemicals,National Academies Press / NCBI Bookshelf,https://www.ncbi.nlm.nih.gov/books/NBK55884/,化学,化学品操作,化学,危险化学品;操作控制;储存;废弃物;应急,public_authoritative_source,,,100
CORNELL-LSM,Cornell Laboratory Safety Manual,Cornell University EHS,https://ehs.cornell.edu/research-safety/chemical-safety/laboratory-safety-manual,通用,实验室安全手册,通用,实验室安全;责任分工;PPE;培训;应急,public_authoritative_source,,,35
CORNELL-CHP,Cornell Chemical Hygiene Plan,Cornell University EHS,https://ehs.cornell.edu/research-safety/chemical-safety/chemical-hygiene-plan,化学,化学卫生计划,化学,化学卫生计划;SOP;危险化学品;培训,public_authoritative_source,,,30
CORNELL-BIOSAFETY-DOCS,Cornell Biological Safety Manuals and Other Documents,Cornell University EHS,https://ehs.cornell.edu/research-safety/biosafety-biosecurity/biological-safety-manuals-and-other-documents,生物,生物安全文件,生物,生物安全;BSL;暴露控制;生物废物,public_authoritative_source,,,20
CORNELL-TRAINING-MATRIX,Cornell Laboratory Safety Training Matrix,Cornell University EHS,https://ehs.cornell.edu/research-safety/general-laboratory-safety/laboratory-safety-training-matrix,培训,实验室安全培训矩阵,通用,培训;准入;化学;生物;辐射;激光,public_authoritative_source,,,20
CORNELL-LASER-PAGE,Cornell Laser Safety,Cornell University EHS,https://ehs.cornell.edu/research-safety/radiation-safety/laser-safety,物理,激光安全,物理/工程,激光;注册;培训;PPE,public_authoritative_source,,,16
CORNELL-SDS,Cornell Safety Data Sheets Chemwatch,Cornell University EHS,https://ehs.cornell.edu/research-safety/chemical-safety/safety-data-sheets-chemwatch,化学,安全数据表 SDS,化学,SDS;化学品信息;危害沟通,public_authoritative_source,,,10
CORNELL-HW-MANUAL,Cornell Hazardous Waste Manual,Cornell University EHS,https://ehs.cornell.edu/book/export/html/1261,废弃物,危险废物手册,通用,危险废物;标签;暂存;处置;卫星积累区,public_authoritative_source,,,150
YALE-CHP,Yale Laboratory Chemical Hygiene Plan,Yale Environmental Health & Safety,https://ehs.yale.edu/sites/default/files/files/laboratory-chemical-hygiene-plan.pdf,化学,化学卫生计划,化学,化学卫生计划;PPE;通风柜;高危化学品,public_authoritative_source,,,80
YALE-LASER-SOP,Yale Laser Standard Operating Procedure,Yale Environmental Health & Safety,https://ehs.yale.edu/sites/default/files/files/laser-sop.pdf,物理,激光 SOP,物理/工程,激光;SOP;受控区域;眼损伤,public_authoritative_source,,,16
YALE-HF,Yale Hydrofluoric Acid Emergency Response,Yale Environmental Health & Safety,https://ehs.yale.edu/sites/default/files/files/hydrofluoric-acid-exposure.pdf,化学,氢氟酸应急,化学,氢氟酸;腐蚀;急救;应急响应,public_authoritative_source,,,12
YALE-LAB-RULES,Yale Laboratory Safety Rules,Yale Environmental Health & Safety,https://ehs.yale.edu/sites/default/files/files/lab-safety-rules.pdf,通用,实验室安全规则,通用,实验室规则;PPE;禁止事项;通用安全,public_authoritative_source,,,8
YALE-MIN-PPE,Yale Minimum Lab PPE,Yale Environmental Health & Safety,https://ehs.yale.edu/sites/default/files/files/minimum-lab-ppe.pdf,通用,最低实验室 PPE,通用,PPE;护目镜;实验服;手套,public_authoritative_source,,,8
YALE-BSC-POSTER,Yale Working Safely in Your Biosafety Cabinet,Yale Environmental Health & Safety,https://ehs.yale.edu/sites/default/files/files/biosafety-cabinet-poster.pdf,生物,生物安全柜,生物,生物安全柜;气流;污染控制;PPE,public_authoritative_source,,,10
YALE-NEEDLEBOX,Yale Needlebox Disposal Poster,Yale Environmental Health & Safety,https://ehs.yale.edu/sites/default/files/files/needlebox-disposal.pdf,生物,锐器盒处置,生物/医学,锐器;针头;生物废物;刺伤,public_authoritative_source,,,6
YALE-WASTE-PLACE,Yale Put Waste In Its Place,Yale Environmental Health & Safety,https://ehs.yale.edu/sites/default/files/files/waste-in-place.pdf,通用,废弃物分类,通用,废弃物;分类;标签;容器,public_authoritative_source,,,8
YALE-FUME-HOOD-NOTICE,Yale Fume Hood Repair Notice,Yale Environmental Health & Safety,https://ehs.yale.edu/sites/default/files/files/fume-hood-repair-notice.pdf,化学,通风柜维修,化学,通风柜;维修;停用;工程控制,public_authoritative_source,,,4
YALE-UNATTENDED,Yale Emergency Information for Unattended Operations,Yale Environmental Health & Safety,https://ehs.yale.edu/sites/default/files/files/unattended-operations.pdf,通用,无人值守操作,通用,无人值守;应急信息;风险控制,public_authoritative_source,,,6
YALE-CHEM-APPROVAL,Yale Chemicals Requiring EHS Pre-Approval,Yale Environmental Health & Safety,https://ehs.yale.edu/sites/default/files/files/chemicals-ehs-approval.pdf,化学,需 EHS 预审批化学品,化学,预审批;高危化学品;采购;使用控制,public_authoritative_source,,,8
YALE-GENE-DRIVE,Yale Gene Drive Modified Organisms,Yale Environmental Health & Safety,https://ehs.yale.edu/sites/default/files/files/gene-drive-modified-organisms.pdf,生物,基因驱动修饰生物,生物,基因驱动;GMO;生物安全;遏制,public_authoritative_source,,,8
YALE-PPE-LABS,Yale PPE Procedure for Clinical Laboratories,Yale Environmental Health & Safety,https://ehs.yale.edu/sites/default/files/files/ppe-procedure-labs.pdf,通用,临床实验室 PPE 程序,医学/生物,PPE;临床实验室;暴露控制,public_authoritative_source,,,12
YALE-SHOP-GUIDE,Yale Shop and Tool Safety,Yale Environmental Health & Safety,https://ehs.yale.edu/shop-tool-safety,设备安全,车间安全,工程/物理,机械;工具;PPE;车间,public_authoritative_source,,,8
YALE-STUDENT-SHOP,Yale Student Shop Rules,Yale Environmental Health & Safety,https://ehs.yale.edu/sites/default/files/files/student-shop-rules.pdf,设备安全,学生车间规则,工程/物理,机械;学生车间;培训;PPE,public_authoritative_source,,,8
YALE-ART-SAFETY,Yale Art Safety,Yale Environmental Health & Safety,https://ehs.yale.edu/art-safety,通用,艺术材料安全,艺术/设计,艺术材料;化学品;通风;PPE,public_authoritative_source,,,10
BERKELEY-CHP,UC Berkeley Chemical Hygiene Plan,"UC Berkeley Office of Environment, Health & Safety",https://ehs.berkeley.edu/safety-subjects/chemical-safety/chemical-hygiene-plan,化学,化学卫生计划,化学,化学卫生计划;危险化学品;PPE;通风柜,public_authoritative_source,,,28
BERKELEY-LSM,UC Berkeley Laboratory Safety Manual,"UC Berkeley Office of Environment, Health & Safety",https://ehs.berkeley.edu/laboratory-safety-manual,通用,实验室安全手册,通用,实验室安全;培训;PPE;应急,public_authoritative_source,,,28
BERKELEY-BIOSAFETY,UC Berkeley Biological Safety Program Manual,"UC Berkeley Office of Environment, Health & Safety",https://ehs.berkeley.edu/publications/biological-safety-program-manual,生物,生物安全手册,生物,生物安全;BSL;暴露控制;废弃物,public_authoritative_source,,,30
BERKELEY-LASER,UC Berkeley Laser Safety Manual,"UC Berkeley Office of Environment, Health & Safety",https://ehs.berkeley.edu/laser-safety-manual,物理,激光安全手册,物理/工程,激光;受控区域;眼损伤;联锁,public_authoritative_source,,,24
MIT-CHEMICAL,MIT Chemical Safety,"MIT Environment, Health & Safety",https://ehs.mit.edu/chemical-safety/,化学,化学安全,化学,化学品;SDS;通风柜;储存;废弃物,public_authoritative_source,,,18
MIT-CHEM-HYGIENE,MIT Chemical Hygiene,"MIT Environment, Health & Safety",https://ehs.mit.edu/chemical-safety-program/chemical-hygiene/,化学,化学卫生,化学,化学卫生计划;危险化学品;PPE;培训,public_authoritative_source,,,35
STANFORD-CHEM-TOOLKIT,Stanford Laboratory Chemical Safety Toolkit,Stanford Environmental Health & Safety,https://ehs.stanford.edu/forms-tools/laboratory-chemical-safety-toolkit,化学,实验室化学安全工具包,化学,化学安全;SOP;PPE;风险评估,public_authoritative_source,,,16
STANFORD-CHEM-WASTE,Stanford Chemical Waste Disposal,Stanford Environmental Health & Safety,https://ehs.stanford.edu/topic/chemical-safety/chemical-waste-disposal,废弃物,化学废物处置,化学,化学废物;标签;容器;处置,public_authoritative_source,,,20
STANFORD-BIO-WASTE,Stanford Biosafety Manual - Waste,Stanford Environmental Health & Safety,https://ehs.stanford.edu/manual/biosafety-manual/waste,生物,生物废物,生物,生物废物;灭菌;锐器;处置,public_authoritative_source,,,24
STANFORD-FUME-HOOD,Stanford Laboratory Standard Design Guidelines - Fume Hood Location,Stanford Environmental Health & Safety,https://ehs.stanford.edu/manual/laboratory-standard-design-guidelines/fume-hood-location,化学,通风柜位置与设计,化学,通风柜;实验室设计;排风;工程控制,public_authoritative_source,,,14
PRINCETON-CHEM-WASTE,Princeton Chemical Waste Management,Princeton Environmental Health and Safety,https://ehs.princeton.edu/laboratory-research/chemical-waste-management,废弃物,化学废物管理,化学,化学废物;标签;容器;暂存;处置,public_authoritative_source,,,40
UW-CHEM-SAFETY,UW Chemical Safety,University of Washington Environmental Health & Safety,https://www.ehs.washington.edu/chemical/chemical-safety,化学,化学安全,化学,化学品;SDS;储存;培训,public_authoritative_source,,,20
UW-CHEM-WASTE,UW Chemical Waste,University of Washington Environmental Health & Safety,https://www.ehs.washington.edu/chemical/chemical-waste,废弃物,化学废物,化学,化学废物;标签;容器;处置,public_authoritative_source,,,35
UW-BIO-WASTE,UW Biohazardous Waste,University of Washington Environmental Health & Safety,https://www.ehs.washington.edu/biological/biohazardous-waste,生物,生物危害废物,生物,生物危害废物;锐器;灭菌;处置,public_authoritative_source,,,28
UW-FUME-HOODS,UW Fume Hoods Use Inspection and Maintenance,University of Washington Environmental Health & Safety,https://www.ehs.washington.edu/research-lab/fume-hoods-use-inspection-and-maintenance,化学,通风柜使用检查维护,化学,通风柜;检查;维护;工程控制,public_authoritative_source,,,24
UCSD-FUME-HOODS,UC San Diego Chemical Fume Hoods Overview,UC San Diego Blink,https://blink.ucsd.edu/safety/research-lab/chemical/hoods/,化学,通风柜,化学,通风柜;排风;操作规范;工程控制,public_authoritative_source,,,24
UCSD-EXTREME-WASTE,UC San Diego Extremely Hazardous Chemical Waste,UC San Diego Blink,https://blink.ucsd.edu/safety/research-lab/hazardous-waste/disposal-guidance/extremely.html,废弃物,极高危化学废物,化学,极高危废物;标签;处置;暂存,public_authoritative_source,,,60
UTEXAS-FUME-HOODS,UT Austin Fume Hoods,UT Austin Environmental Health & Safety,https://ehs.utexas.edu/working-safely/equipment-safety/fume-hoods,化学,通风柜,化学,通风柜;检查;操作;工程控制,public_authoritative_source,,,24
UTEXAS-CHEM-WASTE,UT Austin Chemical Waste,UT Austin Environmental Health & Safety,https://ehs.utexas.edu/environment-waste/waste-management/chemical-waste,废弃物,化学废物,化学,化学废物;标签;容器;处置,public_authoritative_source,,,70
NCSU-FUME-HOODS,NC State Fume Hoods and Lab Exhaust,NC State Environmental Health and Safety,https://ehs.ncsu.edu/laboratory/fume-hoods/,化学,通风柜和实验室排风,化学,通风柜;实验室排风;维护;检查,public_authoritative_source,,,14
NCSU-LAB-SECURITY,NC State Laboratory Security and Safety Guidelines,NC State Environmental Health and Safety,https://ehs.ncsu.edu/laboratory-safety/laboratory-security-and-safety-guidelines/,通用,实验室安全与安保指南,通用,实验室安全;安保;准入;通用规则,public_authoritative_source,,,16
NCSU-CHEM-HAZARDS,NC State Chemical Hazards SSC,NC State Environmental Health and Safety,https://ehs.ncsu.edu/laboratory-safety/secondary-safety-contact/chemical-hazards-ssc/,化学,化学危害,化学,化学危害;二级安全联系人;风险控制,public_authoritative_source,,,16
NCSU-CHEM-WASTE,NC State Chemical Waste,NC State Environmental Health and Safety,https://ehs.ncsu.edu/home-page-info/environmental-affairs/chemical-waste/,废弃物,化学废物,化学,化学废物;标签;容器;处置,public_authoritative_source,,,28
