question_sha256,http_status,elapsed_ms,server_elapsed_ms,model,decision,answer_nonempty,upstream_ms,error
afaa19426c26baea657ae2986c148a43b11d3cdd09918ff0c03425ebdbe45c66,200,126.5,120,local-kb-complete,local_complete_answer,True,0,
9cd25b2c258f1a1a6fb2eeb775e0b5f4b894875767621650735569d867a6800a,200,124.3,117,local-kb-complete,local_complete_answer,True,0,
f967bf3beefc43111abb5af022b55f3891ce086f26bcbb885cdd0f8b73530fee,200,146.3,135,local-kb-complete,local_complete_answer,True,0,
41a95a84756fafc8e2c252f8a8c8d63e192121a91111d091c73c285a3c33c3b5,200,130.6,119,local-kb-complete,local_complete_answer,True,0,
d58a2fd9ad6d25dd56413b590b02b44dc38aeb8954ed722711f2a0266e686ec1,200,178.8,171,local-fast-path,dify_answer,True,0,
4fc4f7b4650bb4cdc0658bfb4ef04b64fa535c4412b4abda80be02a838d3a24d,200,143.7,136,local-kb-complete,local_complete_answer,True,0,
e6623ac5538b4d66fea8c547fef26d66c570c6da6323e6c318e085a51f2e3a94,200,118.9,111,local-kb-complete,local_complete_answer,True,0,
3205a7594a4dbeb1f5e1742f0753706defc5384cd3a9a516a82c77c1d9dbbb83,200,135.6,129,local-fast-path,dify_answer,True,0,
f30877a8917d02a0a91ecb338522276b3ddb25effd3035337e1ea89ab31d2ad6,200,129.0,121,local-fast-path,dify_answer,True,0,
5fc804d254e0bd3d06a9310e0087a16ce979bd15215e3c261e3d0144e18c515f,200,131.9,125,local-fast-path,dify_answer,True,0,
a8fdc372369611f4162e817409d5a20fcc0ff487b710193e487b2ee317f7f0aa,200,140.4,133,local-kb-complete,local_complete_answer,True,0,
eff814f46bc4875207739f43d229ab3f314ff2b9b12de5a4a8554f519dad3525,200,185.6,177,local-kb-complete,local_complete_answer,True,0,
fac834ec40f27a1ef0858d766c49af9402f09e1026e8ebd292bb329d8f9c6f8b,200,146.6,138,rule-engine,emergency_redirect,True,0,
5f7544bb2e5c6612c086421b0cd9b632b30e93b6990d3a38e13f2429e1d6c1c6,200,131.8,125,rule-engine,emergency_redirect,True,0,
519f54a42176de8a909abf21b4366c2ab27980d82ae80889ea5e03929ef00964,200,129.8,122,local-kb-complete,local_complete_answer,True,0,
3f6759661e555d3849c066e5ec78720f98fff59cecb4a2fa491051fdc28997f8,200,143.7,136,local-fast-path,dify_answer,True,0,
c93f473462c6ded5b4b51a1ff5f631492d0afa8e38f7f16d52b61c9edadcf6a5,200,152.8,146,local-fast-path,dify_answer,True,0,
5162c36d432ed0fa89b9e2308cc04e0739b2171f67bcdaaa4dd640e17c3f9fdb,200,143.2,136,local-fast-path,dify_answer,True,0,
8dbcb110c8e6f88f4f647d19dd06e2956298434b3f35aea4282cbe51f2b966d1,200,171.2,164,local-fast-path,dify_answer,True,0,
f48f4d3da41c3a27d40b11198faec2c015980c800aab83c761e12981f08860cb,200,162.1,153,local-kb-complete,local_complete_answer,True,0,
a3eb71d098a7509e0d2ffeed2b5053bdf4a08e2a2b187b1218f5ba028973665b,200,97.3,89,local-kb-complete,local_complete_answer,True,0,
8702bc247204564fcc96ba4090c37d317333c6ac4dfac3eb0e7c8e934ff9cb73,200,107.7,100,rule-engine,rule_direct_answer,True,0,
481f926ecfdc11068a1812792cb450a05b3f919a178325abb960a4356992bf4d,200,156.8,147,local-fast-path,dify_answer,True,0,
194381f04c56e30f856eafb3c2d556abb3c31e94370fe407ad1759c27edf25ab,200,167.8,158,local-kb-complete,local_complete_answer,True,0,
8befe916f4cd435437e82490bd097d110f66091b82a32a5241e35d3daf1aed42,200,128.0,117,local-kb-complete,local_complete_answer,True,0,
386f5fc5a13d143c5a012c154e0f2402c914c39006b1fc1f9b89dde5c344ff9f,200,139.9,133,local-fast-path,dify_answer,True,0,
6bd23c31eb4e6b6c6d32a2493c96c5cc44ba3d0395bca2d1a1559b6a6597f83e,200,176.8,168,local-fast-path,dify_answer,True,0,
6429a6883ec6cc142f9fd5f050fe2ea4a04875dacaba3b4f184546be51d89f8f,200,159.0,148,local-fast-path,dify_answer,True,0,
deb41a39db68d65099671f3e4e66d225b0051e696b53cb116a5c3db2515ada31,200,127.9,120,local-fast-path,dify_answer,True,0,
fd11bec3545c6404655fae26204fdbbd39a0c5c212b46882d9a68f4aa182a1d1,200,125.9,119,local-fast-path,dify_answer,True,0,
20fb0dba0dc8c32a6e86da855984a6bb39679440cec18d7b81f52792a909a11d,200,97.6,91,local-kb-complete,local_complete_answer,True,0,
b688673afb5293eed527fc3e760641bc686d6999e63fcf7724920c90c60e209d,200,115.9,109,local-fast-path,dify_answer,True,0,
a4ca64b6522b0a0b2a0fa2bd425ad4470096f15998b8f125e68e2a7b1cb62e75,200,92.1,85,local-kb-complete,local_complete_answer,True,0,
b79620a92c4d7be003f92aeeefe4e54d0588b4c4cd96dafc86b9e5dca31d5f40,200,108.3,100,local-fast-path,dify_answer,True,0,
3a9d5c4214567c9310cd89d9019cd71291b9be2a9da84066328310d4146ea403,200,131.0,124,local-fast-path,dify_answer,True,0,
aaa363854067a53a6c19e95cd430935a74c851abfe83a33de0ffc5e6569cfd03,200,145.5,135,local-fast-path,dify_answer,True,0,
3f15e58493994b172394e3d3278d1d424524be1028e5956c9a8b5d21d3c11541,200,113.8,103,local-fast-path,dify_answer,True,0,
3a9b94fbad7bbe4c69ce002a2e9ba6b8068451acf303a5a589155a391bab35ee,200,89.6,81,local-kb-complete,local_complete_answer,True,0,
0fe5ca7c07100d273e04a02cc6c2a5f801a3ac36f9d4c22a31af0e19b4e92f16,200,139.7,131,local-kb-complete,local_complete_answer,True,0,
31513dc13baf6898fd6fa2874e35525d641f167f99ac2e173a7a236743712116,200,145.3,137,local-fast-path,dify_answer,True,0,
dc9f79dcff1a3e82011c4efceb8ad69ed9df0e4697fe9c629210d8b3c0cea3e3,200,157.1,150,local-fast-path,dify_answer,True,0,
cf1cf7feedb434c9a74f5b822be3bfb17950b556fad4c64fefd0d32a93236a2e,200,139.0,131,local-fast-path,dify_answer,True,0,
a28fe7779fd5fa46c73ac4cb89dce678349ed83555766b7334532fb8e43e7874,200,144.4,137,local-kb-complete,local_complete_answer,True,0,
6b26b5a46ed4d58287223f002320969772ef61306a6c6369079d1baa14a2a339,200,170.2,161,local-kb-complete,local_complete_answer,True,0,
95f48d1bee62a967eb8ba802c9e2be3f18214959cdfc037b6167aed9e2ccadd9,200,180.9,171,local-kb-complete,local_complete_answer,True,0,
99fc5f8b7eca1ccaef254317af24fbab04faa536d91671f4d1e628e44bc7ed31,200,149.9,142,local-kb-complete,local_complete_answer,True,0,
928565e8da9534a5eaeb33299f3cc2aea467611eef409e99dda243975de3465e,200,153.9,146,local-fast-path,dify_answer,True,0,
e087000d26a5d3c060f7cbd236edfe40ff4112d8fc6e9ec694df715f4bd4a5cc,200,132.4,125,rule-engine,rule_direct_answer,True,0,
eba43907302eea359209a74e0e462930ded991b84dffafd2cd198facf93633c3,200,141.7,134,local-fast-path,dify_answer,True,0,
4e86fc1054cfe247428e39e8b5af078c7cc32f2c679c914adcbb480522673fb4,200,147.0,139,rule-engine,rule_direct_answer,True,0,
