sample_id,url,domain,affected_rows,old_status,new_script_status,browser_status,final_url,page_title,evidence_note
BROWSER-01,https://www.osha.gov/laws-regs/regulations/standardnumber/1910/1910.1450,www.osha.gov,133,blocked_or_forbidden,blocked_or_forbidden,web_reader_open_html,https://www.osha.gov/laws-regs/regulations/standardnumber/1910/1910.1450,OSHA 1910.1450,official HTML content retrieved; manual web-reader review 2026-07-28
BROWSER-02,https://www.osha.gov/sites/default/files/publications/OSHA3404LABORATORY-SAFETY-GUIDANCE.pdf,www.osha.gov,29,blocked_or_forbidden,blocked_or_forbidden,web_reader_open_pdf,https://www.osha.gov/sites/default/files/publications/OSHA3404LABORATORY-SAFETY-GUIDANCE.pdf,OSHA 3404 Laboratory Safety Guidance,PDF opened; 52 pages; manual web-reader review 2026-07-28
BROWSER-03,https://www.cdc.gov/labs/BMBL.html,www.cdc.gov,27,blocked_or_forbidden,blocked_or_forbidden,web_reader_open_html,https://www.cdc.gov/labs/bmbl/,BMBL 6th Edition,redirected canonical CDC HTML retrieved; manual web-reader review 2026-07-28
BROWSER-04,https://www.osha.gov/laser-hazards/hazards,www.osha.gov,23,blocked_or_forbidden,blocked_or_forbidden,web_reader_open_html,https://www.osha.gov/laser-hazards/hazards,Laser Hazards,official OSHA HTML retrieved; manual web-reader review 2026-07-28
BROWSER-05,https://www.cdc.gov/mmwr/preview/mmwrhtml/su6101a1.htm,www.cdc.gov,14,blocked_or_forbidden,blocked_or_forbidden,web_reader_open_html,https://www.cdc.gov/mmwr/preview/mmwrhtml/su6101a1.htm,CDC MMWR,official CDC HTML retrieved; manual web-reader review 2026-07-28
BROWSER-06,https://documents.thermofisher.com/TFS-Assets/CMD/manuals/Man-4820-3601-LC-Vanquish-UHPLC-Man48203601-EN.pdf,documents.thermofisher.com,10,blocked_or_forbidden,blocked_or_forbidden,web_reader_error,https://documents.thermofisher.com/TFS-Assets/CMD/manuals/Man-4820-3601-LC-Vanquish-UHPLC-Man48203601-EN.pdf,,reader internal error; manual web-reader review 2026-07-28
BROWSER-07,https://www.osha.gov/workers/employer-responsibilities,www.osha.gov,9,blocked_or_forbidden,blocked_or_forbidden,web_reader_open_html,https://www.osha.gov/workers/employer-responsibilities,Employer Responsibilities,official OSHA HTML retrieved; manual web-reader review 2026-07-28
BROWSER-08,https://openstd.samr.gov.cn/bzgk/std/newGbInfo?hcno=EB3B94B543F6E4CD18C044DE6AB64CEC,openstd.samr.gov.cn,8,blocked_or_forbidden,blocked_or_forbidden,web_reader_open_html,https://openstd.samr.gov.cn/bzgk/std/newGbInfo?hcno=EB3B94B543F6E4CD18C044DE6AB64CEC,GB 19489 source page,SAMR HTML retrieved; manual web-reader review 2026-07-28
BROWSER-09,https://www.cdc.gov/labs/bmbl/,www.cdc.gov,8,blocked_or_forbidden,blocked_or_forbidden,web_reader_open_html,https://www.cdc.gov/labs/bmbl/,BMBL 6th Edition,official CDC HTML retrieved; manual web-reader review 2026-07-28
BROWSER-10,https://www.nrc.gov/about-nrc/radiation/protects-you/protection-principles.html,www.nrc.gov,7,blocked_or_forbidden,blocked_or_forbidden,web_reader_open_html,https://www.nrc.gov/about-nrc/radiation/protects-you/protection-principles.html,Protection Principles,official NRC HTML retrieved; manual web-reader review 2026-07-28
BROWSER-11,https://www.nrc.gov/reading-rm/doc-collections/cfr/part020/,www.nrc.gov,7,blocked_or_forbidden,blocked_or_forbidden,web_reader_blocked,https://unblock.federalregister.gov,Request Access,redirected to anti-automation CAPTCHA; manual web-reader review 2026-07-28
BROWSER-12,https://www.osha.gov/hazcom/appendix-c,www.osha.gov,7,blocked_or_forbidden,blocked_or_forbidden,web_reader_open_html,https://www.osha.gov/hazcom/appendix-c,Hazard Communication Appendix C,official OSHA HTML retrieved; manual web-reader review 2026-07-28
BROWSER-13,https://www.osha.gov/laws-regs/regulations/standardnumber/1910/1910.1200,www.osha.gov,7,blocked_or_forbidden,blocked_or_forbidden,web_reader_open_html,https://www.osha.gov/laws-regs/regulations/standardnumber/1910/1910.1200,1910.1200 Hazard Communication,official OSHA HTML retrieved; manual web-reader review 2026-07-28
BROWSER-14,https://osp.od.nih.gov/wp-content/uploads/NIH_Guidelines.pdf,osp.od.nih.gov,5,blocked_or_forbidden,blocked_or_forbidden,web_reader_open_pdf,https://osp.od.nih.gov/wp-content/uploads/NIH_Guidelines.pdf,NIH Guidelines,PDF opened; 132 pages; manual web-reader review 2026-07-28
BROWSER-15,https://www.cdc.gov/labs/bmbl.html,www.cdc.gov,5,blocked_or_forbidden,blocked_or_forbidden,web_reader_open_html,https://www.cdc.gov/labs/bmbl/,BMBL 6th Edition,redirected canonical CDC HTML retrieved; manual web-reader review 2026-07-28
BROWSER-16,https://www.osha.gov/laws-regs/standardinterpretations/2009-06-01,www.osha.gov,5,blocked_or_forbidden,blocked_or_forbidden,web_reader_open_html,https://www.osha.gov/laws-regs/standardinterpretations/2009-06-01,Requirements for eyewash and shower facilities,official OSHA HTML retrieved; manual web-reader review 2026-07-28
BROWSER-17,https://manualmachine.com/perkinelmer/tga4000/2520538-user-manual/,manualmachine.com,4,blocked_or_forbidden,blocked_or_forbidden,web_reader_open_html,https://manualmachine.com/perkinelmer/tga4000/2520538-user-manual/,PerkinElmer TGA 4000 User Manual,manual HTML retrieved; manual web-reader review 2026-07-28
BROWSER-18,https://www.metrohm.com/en/products/ion-chromatography/usp-monographs-using-ion-chromatography.html,www.metrohm.com,4,blocked_or_forbidden,blocked_or_forbidden,web_reader_open_html,https://www.metrohm.com/en/products/ion-chromatography/usp-monographs-using-ion-chromatography.html,USP monographs using ion chromatography,vendor HTML retrieved; manual web-reader review 2026-07-28
BROWSER-19,https://openstd.samr.gov.cn/bzgk/gb/newGbInfo?hcno=0E0C42CADDB0D3E8DA27FECB80CCDE02,openstd.samr.gov.cn,3,blocked_or_forbidden,open,web_reader_error,https://openstd.samr.gov.cn/bzgk/gb/newGbInfo?hcno=0E0C42CADDB0D3E8DA27FECB80CCDE02,,reader internal error; manual web-reader review 2026-07-28
BROWSER-20,https://www.cdc.gov/niosh/nano/about/index.html,www.cdc.gov,3,blocked_or_forbidden,blocked_or_forbidden,web_reader_open_html,https://www.cdc.gov/niosh/nano/about/index.html,Nanotechnology,official CDC HTML retrieved; manual web-reader review 2026-07-28
BROWSER-21,https://www.tainstruments.com/applications/pharmaceuticals/,www.tainstruments.com,3,blocked_or_forbidden,blocked_or_forbidden,web_reader_open_html,https://www.tainstruments.com/applications/pharmaceuticals/,Pharmaceuticals,vendor HTML retrieved; manual web-reader review 2026-07-28
BROWSER-22,https://osp.od.nih.gov/biotechnology/nih-guidelines/,osp.od.nih.gov,2,blocked_or_forbidden,blocked_or_forbidden,web_reader_open_html,https://osp.od.nih.gov/events/nih-guidelines-honoring-the-past-charting-the-future/,NIH Guidelines event page,URL redirected; content reachable but not original target document; manual web-reader review 2026-07-28
BROWSER-23,https://pubs.acs.org/doi/10.1021/acs.jchemed.5b00511,pubs.acs.org,2,blocked_or_forbidden,blocked_or_forbidden,web_reader_error,https://pubs.acs.org/doi/10.1021/acs.jchemed.5b00511,,reader internal error; manual web-reader review 2026-07-28
BROWSER-24,https://www.mdpi.com/2076-3298/12/4/113,www.mdpi.com,2,blocked_or_forbidden,blocked_or_forbidden,web_reader_open_html,https://www.mdpi.com/2076-3298/12/4/113,Worker Safety in High-Field NMR Spectroscopy Laboratories,publisher HTML retrieved; manual web-reader review 2026-07-28
BROWSER-25,https://www.safety.admin.cam.ac.uk/subjects/radiation/non-ionising-radiation/electromagnetic-fields,www.safety.admin.cam.ac.uk,2,blocked_or_forbidden,blocked_or_forbidden,web_reader_error,https://www.safety.admin.cam.ac.uk/subjects/radiation/non-ionising-radiation/electromagnetic-fields,,reader internal error; manual web-reader review 2026-07-28
BROWSER-26,https://www.waters.com/nextgen/us/en/products/chromatography/chromatography-pumps-components-and-Accessories/purification-solvent-management.html,www.waters.com,2,blocked_or_forbidden,blocked_or_forbidden,web_reader_open_html,https://www.waters.com/nextgen/us/en/products/chromatography/chromatography-pumps-components-and-Accessories/purification-solvent-management.html,HPLC Solvent Managers,vendor HTML retrieved; manual web-reader review 2026-07-28
BROWSER-27,https://coactionspecialty.safetynow.com/chemical-compatibility-storage-guidelines-quick-tips/,coactionspecialty.safetynow.com,1,blocked_or_forbidden,blocked_or_forbidden,web_reader_error,https://coactionspecialty.safetynow.com/chemical-compatibility-storage-guidelines-quick-tips/,,reader internal error; manual web-reader review 2026-07-28
BROWSER-28,https://dehs.umn.edu/biological-safety-cabinets,dehs.umn.edu,1,blocked_or_forbidden,blocked_or_forbidden,web_reader_error,https://dehs.umn.edu/biological-safety-cabinets,,reader internal error; manual web-reader review 2026-07-28
BROWSER-29,https://ehs.princeton.edu/laboratory-research/chemical-waste-management,ehs.princeton.edu,1,blocked_or_forbidden,blocked_or_forbidden,web_reader_open_html,https://ehs.princeton.edu/laboratory-research/chemical-waste-management,Chemical Waste Management,Princeton EHS HTML retrieved; manual web-reader review 2026-07-28
BROWSER-30,https://gradschool.cornell.edu/policies/safety-training/,gradschool.cornell.edu,1,blocked_or_forbidden,blocked_or_forbidden,web_reader_open_html,https://gradschool.cornell.edu/policies/safety-training/,Safety Training,Cornell HTML retrieved; manual web-reader review 2026-07-28
