source_url,row_count,cache_20260429_sha256,cache_bytes,cache_path,cache_complete,refetch_20260803_sha256,refetch_bytes,refetch_complete,verdict
https://www.cdc.gov/labs/pdf/SF__19_308133-A_BMBL6_00-BOOK-WEB-final-3.pdf,139,9195fc92a4c9dd49c52d9e30dc3c74912eca565d316f09d0a2c54a6777b31931,4953083,artifacts\web_ingest_public_20260429\raw\CDC-BMBL6_SF__19_308133-A_BMBL6_00-BOOK-WEB-final-3.pdf.pdf,yes,9195fc92a4c9dd49c52d9e30dc3c74912eca565d316f09d0a2c54a6777b31931,4953083,yes,identical
https://ors.od.nih.gov/sr/dohs/Documents/chemical-hygiene-plan.pdf,78,97fbadccf8b9341e5f87f7f296768d9afb318ab9f86539e277adc9122a07da1f,1750513,artifacts\web_ingest_public_20260429\raw\NIH-CHP_chemical-hygiene-plan.pdf.pdf,yes,97fbadccf8b9341e5f87f7f296768d9afb318ab9f86539e277adc9122a07da1f,1750513,yes,identical
https://ehs.yale.edu/sites/default/files/files/laboratory-chemical-hygiene-plan.pdf,75,177d10b929cc1cb6bc6b550897831871266c8d7190b70a2fbda813b280d5eaf6,1175846,artifacts\web_ingest_public_20260429\raw\YALE-CHP_laboratory-chemical-hygiene-plan.pdf.pdf,yes,177d10b929cc1cb6bc6b550897831871266c8d7190b70a2fbda813b280d5eaf6,1175846,yes,identical
https://ors.od.nih.gov/sr/dohs/Documents/chemical-safety-guide.pdf,70,01063ea35615fa021e6ff00cc5f0b6aa626b4f8c5004a226fcb5a23650e9f98d,38877910,artifacts\web_ingest_public_20260429\raw\NIH-CSG_chemical-safety-guide.pdf.pdf,yes,8d1b0a1eae7d293294c3332e92828eda8c3540baf0d74bf663cd017586f98109,8005335,no,refetch_incomplete
https://ors.od.nih.gov/sr/dohs/Documents/biosafety-in-microbiological-and-biomedical-laboratories.PDF,67,bedfedd06ecbc8dae1d71d370a77570bacc34c95985795b4effa72f06373a613,4559461,artifacts\web_ingest_public_20260429\raw\NIH-BMBL6_biosafety-in-microbiological-and-biomedical-laboratories.PDF.pdf,yes,bedfedd06ecbc8dae1d71d370a77570bacc34c95985795b4effa72f06373a613,4559461,yes,identical
https://ors.od.nih.gov/sr/dohs/Documents/exposure-control-plan.pdf,50,9d93d7d49557975c28b1fcd3d8043d70d32aaf79f2ae02a9345b2aa669041de4,416109,artifacts\web_ingest_public_20260429\raw\NIH-ECP_exposure-control-plan.pdf.pdf,yes,9d93d7d49557975c28b1fcd3d8043d70d32aaf79f2ae02a9345b2aa669041de4,416109,yes,identical
https://ors.od.nih.gov/sr/dohs/Documents/laser-safety-program.pdf,34,433f5eafa94cfeae387599c21addfe8c876ccf7a09c262646b2d382db703aa00,965515,artifacts\web_ingest_public_20260429\raw\NIH-LASER_laser-safety-program.pdf.pdf,yes,433f5eafa94cfeae387599c21addfe8c876ccf7a09c262646b2d382db703aa00,965515,yes,identical
https://ors.od.nih.gov/sr/dohs/Documents/compressed-gas-and-cryogen-safety-guidelines-document.pdf,25,4fa7aa1700006ebc6aea39380684ce5abd5f35a64be49100c9433410b60985ff,776401,artifacts\web_ingest_public_20260429\raw\NIH-GAS-CRYO_compressed-gas-and-cryogen-safety-guidelines-document.pdf.pdf,yes,4fa7aa1700006ebc6aea39380684ce5abd5f35a64be49100c9433410b60985ff,776401,yes,identical
https://ors.od.nih.gov/sr/dohs/Documents/managing-pyrophoric-and-water-reactive-chemicals-in-the-laboratories.pdf,18,e36638a27957245fc8290d20df4b0fd1855977e086aaaf1b8dec106705595257,354828,artifacts\web_ingest_public_20260429\raw\NIH-PYRO_managing-pyrophoric-and-water-reactive-chemicals-in-the-laboratories.pdf.pdf,yes,e36638a27957245fc8290d20df4b0fd1855977e086aaaf1b8dec106705595257,354828,yes,identical
https://ors.od.nih.gov/sr/dohs/Documents/nih-dichloromethane-health-and-safety-plan.pdf,18,2b5e79d0d115e9f5899d1de747a7bf78b3b0104975f279747d51a74eaf62b11c,356312,artifacts\web_ingest_public_20260429\raw\NIH-DCM-PLAN_nih-dichloromethane-health-and-safety-plan.pdf.pdf,yes,2b5e79d0d115e9f5899d1de747a7bf78b3b0104975f279747d51a74eaf62b11c,356312,yes,identical
https://ors.od.nih.gov/sr/dohs/Documents/chemical-segregation-and-storage.pdf,16,d1c278d437aebddbe0536779d29063bf85074d6563d6ab8b35e40b62dea3ddf2,681833,artifacts\web_ingest_public_20260429\raw\NIH-SEG_chemical-segregation-and-storage.pdf.pdf,yes,d1c278d437aebddbe0536779d29063bf85074d6563d6ab8b35e40b62dea3ddf2,681833,yes,identical
https://ors.od.nih.gov/sr/dohs/Documents/laboratory-coat-selection-guidance.pdf,14,f4c098be6c8d12d23bf59f6e5254669b6e28129219ce3b094efc0e5593bfa016,162799,artifacts\web_ingest_public_20260429\raw\NIH-LABCOAT_laboratory-coat-selection-guidance.pdf.pdf,yes,f4c098be6c8d12d23bf59f6e5254669b6e28129219ce3b094efc0e5593bfa016,162799,yes,identical
https://ors.od.nih.gov/sr/dohs/Documents/lab-specific-sop-template.pdf,13,fc715f6b0e9269a939844519eecbc23c147d032ea94e54f90ec841181a06b15d,363989,artifacts\web_ingest_public_20260429\raw\NIH-LAB-SOP-TEMPLATE_lab-specific-sop-template.pdf.pdf,yes,fc715f6b0e9269a939844519eecbc23c147d032ea94e54f90ec841181a06b15d,363989,yes,identical
https://ors.od.nih.gov/sr/dohs/Documents/managing-peroxide-formers-in-the-lab.pdf,12,ad7915005fd8b799b5d79fc3e2c3f1597dbe2540cb7c194462acc8e595457a79,250972,artifacts\web_ingest_public_20260429\raw\NIH-PEROXIDE_managing-peroxide-formers-in-the-lab.pdf.pdf,yes,ad7915005fd8b799b5d79fc3e2c3f1597dbe2540cb7c194462acc8e595457a79,250972,yes,identical
https://ehs.yale.edu/sites/default/files/files/ppe-procedure-labs.pdf,10,9396c0a821fa8f589c3f1470a5350e539ac638b15ec62b356f53579579259ab5,396978,artifacts\web_ingest_public_20260429\raw\YALE-PPE-LABS_ppe-procedure-labs.pdf.pdf,yes,9396c0a821fa8f589c3f1470a5350e539ac638b15ec62b356f53579579259ab5,396978,yes,identical
https://ors.od.nih.gov/sr/dohs/Documents/particularly-hazardous-substances-phs.pdf,9,5f949be9e846866cdd4285c0b4b7d44baa295d1f4c11262652347c0333afe223,322474,artifacts\web_ingest_public_20260429\raw\NIH-PHS_particularly-hazardous-substances-phs.pdf.pdf,yes,5f949be9e846866cdd4285c0b4b7d44baa295d1f4c11262652347c0333afe223,322474,yes,identical
https://ehs.yale.edu/sites/default/files/files/chemicals-ehs-approval.pdf,8,36fad00ced84d03fe8017459a68ff686e30e65b234b3cfa158783de1fe3619a9,214637,artifacts\web_ingest_public_20260429\raw\YALE-CHEM-APPROVAL_chemicals-ehs-approval.pdf.pdf,yes,36fad00ced84d03fe8017459a68ff686e30e65b234b3cfa158783de1fe3619a9,214637,yes,identical
https://ehs.yale.edu/sites/default/files/files/gene-drive-modified-organisms.pdf,8,7fd4c330a879b701b27d1433022dfd7e8d8ec546909f628ba3aa789b3978edbb,113148,artifacts\web_ingest_public_20260429\raw\YALE-GENE-DRIVE_gene-drive-modified-organisms.pdf.pdf,yes,7fd4c330a879b701b27d1433022dfd7e8d8ec546909f628ba3aa789b3978edbb,113148,yes,identical
https://ors.od.nih.gov/sr/dohs/Documents/how-to-safely-clean-cfh-web.pdf,8,302152e8e425108dd27600381a10ea15cd2bbb724b727e5da1805a3c69b9f9e8,145046,artifacts\web_ingest_public_20260429\raw\NIH-FUME-HOOD-CLEAN_how-to-safely-clean-cfh-web.pdf.pdf,yes,302152e8e425108dd27600381a10ea15cd2bbb724b727e5da1805a3c69b9f9e8,145046,yes,identical
https://ors.od.nih.gov/sr/dohs/Documents/working-safely-with-dichloromethane.pdf,8,25276d1250628407ab6a01183d871aa9c1bd86800b5aec96600593d68bb45a41,208763,artifacts\web_ingest_public_20260429\raw\NIH-DCM_working-safely-with-dichloromethane.pdf.pdf,yes,25276d1250628407ab6a01183d871aa9c1bd86800b5aec96600593d68bb45a41,208763,yes,identical
https://ors.od.nih.gov/sr/dohs/Documents/exempt-toxin-program-requirements.pdf,7,87c916bf66b01d9b789f1ee1903e928ff826a0e365cd307a52af4be46661abdb,162509,artifacts\web_ingest_public_20260429\raw\NIH-TOXIN_exempt-toxin-program-requirements.pdf.pdf,yes,87c916bf66b01d9b789f1ee1903e928ff826a0e365cd307a52af4be46661abdb,162509,yes,identical
https://ors.od.nih.gov/sr/dohs/Documents/fact-sheet-on-chemical-storage-cabinets.pdf,7,f719b8ed748e00d9e9289e90543f4da69b0dc7bf30a792dd426f0dee64a3faf2,253225,artifacts\web_ingest_public_20260429\raw\NIH-CABINET_fact-sheet-on-chemical-storage-cabinets.pdf.pdf,yes,f719b8ed748e00d9e9289e90543f4da69b0dc7bf30a792dd426f0dee64a3faf2,253225,yes,identical
https://ors.od.nih.gov/sr/dohs/Documents/inactivation-method-review-process.pdf,7,697fc1f8d5c79da6f930e53fc8691f686b623ca83f16f0a0ba324458862e5390,289223,artifacts\web_ingest_public_20260429\raw\NIH-INACTIVATION_inactivation-method-review-process.pdf.pdf,yes,697fc1f8d5c79da6f930e53fc8691f686b623ca83f16f0a0ba324458862e5390,289223,yes,identical
https://ors.od.nih.gov/sr/dohs/Documents/cryogen-fact-sheet.pdf,5,03f24078040e066a69a50287490e73875886fc802c9989ca6d58f271f918b584,6356026,artifacts\web_ingest_public_20260429\raw\NIH-CRYOGEN-FS_cryogen-fact-sheet.pdf.pdf,yes,ddd067516d844c00a4ce0c9fa492e5d42d87b8a79369958ba0d311a3f33dd2b1,2112444,no,refetch_incomplete
https://ehs.yale.edu/sites/default/files/files/laser-sop.pdf,4,858c293daa4736a5df41cee5cc32d88c974224c4a6071985fdc66fe4ab279df2,144569,artifacts\web_ingest_public_20260429\raw\YALE-LASER-SOP_laser-sop.pdf.pdf,yes,858c293daa4736a5df41cee5cc32d88c974224c4a6071985fdc66fe4ab279df2,144569,yes,identical
https://ors.od.nih.gov/sr/dohs/Documents/fact-sheet-on-compatible-chemical-storage.pdf,4,b3cff0276d5661180b4d1854d4a6b9bfda59c6a00be4b6f6a0d4eedc8d34f980,265345,artifacts\web_ingest_public_20260429\raw\NIH-COMPAT-STORAGE_fact-sheet-on-compatible-chemical-storage.pdf.pdf,yes,b3cff0276d5661180b4d1854d4a6b9bfda59c6a00be4b6f6a0d4eedc8d34f980,265345,yes,identical
https://ors.od.nih.gov/sr/dohs/Documents/occupational-exposure-limits-for-chemicals.pdf,4,e3b7488467db2d924822e87afbd07d032c8baad2adc3b69b2cecb0e12ab96444,37177,artifacts\web_ingest_public_20260429\raw\NIH-OEL_occupational-exposure-limits-for-chemicals.pdf.pdf,yes,e3b7488467db2d924822e87afbd07d032c8baad2adc3b69b2cecb0e12ab96444,37177,yes,identical
https://ehs.yale.edu/sites/default/files/files/fume-hood-repair-notice.pdf,3,4ed1c6057438f36e133924c32cce68b6cfb2d888cd11a6664e50df6e43cb3060,28026,artifacts\web_ingest_public_20260429\raw\YALE-FUME-HOOD-NOTICE_fume-hood-repair-notice.pdf.pdf,yes,4ed1c6057438f36e133924c32cce68b6cfb2d888cd11a6664e50df6e43cb3060,28026,yes,identical
https://ehs.yale.edu/sites/default/files/files/student-shop-rules.pdf,3,6d9bd901e7ab52c0865749a46e317620957df6481d902e3c30b391bedc99d3af,144276,artifacts\web_ingest_public_20260429\raw\YALE-STUDENT-SHOP_student-shop-rules.pdf.pdf,yes,6d9bd901e7ab52c0865749a46e317620957df6481d902e3c30b391bedc99d3af,144276,yes,identical
https://ehs.yale.edu/sites/default/files/files/waste-in-place.pdf,2,104108b7ba87a81b4d1d1690f56f68b687b3a53cc3eb0758546621ecf966c931,856073,artifacts\web_ingest_public_20260429\raw\YALE-WASTE-PLACE_waste-in-place.pdf.pdf,yes,104108b7ba87a81b4d1d1690f56f68b687b3a53cc3eb0758546621ecf966c931,856073,yes,identical
https://ehs.yale.edu/sites/default/files/files/biosafety-cabinet-poster.pdf,1,9ce3e400fa3c2e5c873887e7e3e72013fd4d4aac8f6d98199256edff33d17638,2696804,artifacts\web_ingest_public_20260429\raw\YALE-BSC-POSTER_biosafety-cabinet-poster.pdf.pdf,yes,9ce3e400fa3c2e5c873887e7e3e72013fd4d4aac8f6d98199256edff33d17638,2696804,yes,identical
