丙酮	Acetone	易燃;刺激性;挥发性	3	高度易燃，闪点-20°C，蒸气与空气形成爆炸性混合物。避免明火和静电。
乙腈	Acetonitrile	易燃;有毒(氰化物代谢);挥发性	4	体内代谢产生氰化物，中毒潜伏期数小时。在通风柜内使用。
二氯甲烷	Dichloromethane	致癌(IARC 2A);麻醉性;挥发性	4	重度挥发性卤代溶剂，代谢产生一氧化碳。通风柜内使用。
正丁基锂	n-BuLi	发火;自燃;腐蚀性	5	接触空气自燃，比叔丁基锂活性稍低但仍极度危险。严格无水无氧操作。
金属钾	Potassium metal	发火;遇水剧烈反应;腐蚀性	5	遇水爆炸，必须储存在矿物油中。禁止与水或含水溶剂接触。
白磷	White Phosphorus	发火;剧毒;自燃	5	在空气中自燃(30°C)，储存于水中。极度危险品。
二乙基锌	Diethylzinc	发火;自燃;遇水反应	5	液态有机金属发火物，接触空气立即自燃。仅可在手套箱内操作。
三甲基铝	TMA	发火;自燃;遇水剧烈反应	5	极度发火，与水和空气反应剧烈。手套箱内操作。
叠氮化钠	Sodium Azide	剧毒;爆炸性(金属叠氮化物);环境危害	5	与酸反应产生剧毒叠氮酸气体。禁止与金属(铜/铅)管道接触。
光气(三氯甲烷分解产物)	Phosgene	剧毒;窒息性;致命	5	无色剧毒气体，三氯甲烷和二氯甲烷在UV/热条件下可产生。需注意储存和使用条件。
甲醛溶液	Formalin/Formaldehyde	致癌(IARC 1类);刺激性;致敏	4	37%福尔马林溶液释放甲醛气体，对眼和呼吸道强刺激。通风柜内使用。
戊二醛	Glutaraldehyde	致敏;刺激性;职业性哮喘	3	强效消毒剂，可致职业性哮喘。在通风柜或BSC内使用。
环氧乙烷	Ethylene Oxide	易燃;致癌;致突变;爆炸性	5	气体灭菌剂，可燃范围广(3-100%)，致癌。需要专用防爆设施。
过氧化氢(30%+)	Hydrogen Peroxide 30%+	强氧化剂;腐蚀性;爆炸性(与有机物)	4	30%+浓度与有机物接触可爆炸。储存于阴凉处，排气盖。
硝酸(浓)	Nitric Acid (conc.)	强氧化剂;腐蚀性;有毒气体(NOx)	5	浓硝酸与有机物反应生成爆炸性硝酸酯。与乙酸分离存放。
硫酸(浓)	Sulfuric Acid (conc.)	腐蚀性;脱水性;与水产热	4	稀释时浓硫酸缓慢加入水中(不可反向！)，产热剧烈。
盐酸	Hydrochloric Acid	腐蚀性;刺激性气体(HCl)	3	挥发性酸，释放HCl气体腐蚀金属。在通风柜内打开。
氢氧化钠	NaOH	腐蚀性;与水产热;碱烧伤	4	固体NaOH溶解时大量放热。碱烧伤比酸烧伤更危险(深层皂化)。
氢氧化钾	KOH	腐蚀性;与水产热;碱烧伤	4	特性与NaOH相似，碱烧伤深入组织。佩戴防溅护目镜和面罩。
硼氢化锂	Lithium Borohydride	发火;遇水产氢;强还原剂	5	比硼氢化钠更活泼，遇水产H₂。手套箱操作。
三氟化硼乙醚	BF3-Etherate	腐蚀性;有毒;易燃	4	Lewis酸催化剂，腐蚀性强。手套箱或Schlenk线操作。
四氯化碳	CCl4	致癌;肝毒性;臭氧层破坏物质	5	极度肝毒性，已禁止实验室常规使用。寻找替代品。
亚硫酰氯	Thionyl Chloride	腐蚀性;催泪;产SO2/HCl气体	4	用于酰氯化反应，开瓶释放刺激性气体。通风柜操作。
三氯化磷	PCl3	腐蚀性;有毒;遇水产热	4	与水反应生成H3PO3和HCl，刺激性强。无水条件操作。
草酰氯	Oxalyl Chloride	腐蚀性;催泪;产CO和HCl	4	DMSO氧化(Swern)常用试剂，反应产气。通风柜操作。
重铬酸铵	Ammonium Dichromate	氧化剂;致癌;环境危害	5	热分解产生Cr2O₃+N₂+H₂O(火山反应)，教学演示安全距离。
硝酸银	Silver Nitrate	氧化剂;腐蚀性;皮肤染色	3	皮肤接触产生黑色Ag颗粒沉着(银质沉着症数周不褪)。
氯化汞	Mercuric Chloride	剧毒;神经毒性;环境危害	5	升汞，致死量低至0.2-0.4g。寻找替代品(如PMSF替代HgCl₂)。
对苯二酚	Hydroquinone	刺激性;致敏;可疑致癌	3	显影液常用，皮肤接触致白斑病。戴丁腈手套。
碘甲烷	Methyl Iodide	致癌;有毒;挥发性	4	强甲基化试剂，高密度液体(3.3g/mL)，蒸气有毒。
溴化乙锭	Ethidium Bromide	致突变;可疑致癌;DNA嵌入	3	常用DNA染色剂，推荐用SYBR Safe等安全替代染料。
四甲基乙二胺	TEMED	易燃;腐蚀性;刺激性	3	丙烯酰胺聚合催化剂，气味强烈刺激。通风柜使用。
过硫酸铵	Ammonium Persulfate	氧化剂;刺激性;致敏	2	APS溶液随配随用，粉尘吸入刺激呼吸道。
beta-巯基乙醇	beta-Mercaptoethanol	有毒;恶臭;易燃	3	强烈硫醇臭味，通风柜内使用。含此物的废液需单独收集。
考马斯亮蓝	Coomassie Brilliant Blue	刺激性;染料	1	蛋白染色剂，低毒性但染色力极强(污染衣物)。
苯甲基磺酰氟	PMSF	剧毒;蛋白酶抑制剂;腐蚀性	4	丝氨酸蛋白酶抑制剂，溶于异丙醇使用。手套箱称量。
硫酸铜	Copper Sulfate	有毒;环境危害(水生生物);刺激性	2	重金属盐，含铜废液单独收集，不排入下水道。
氯化铁	Ferric Chloride	腐蚀性;刺激性	2	路易斯酸，水解放热。储存干燥。
过氧化苯甲酰	Benzoyl Peroxide	爆炸性;氧化剂;刺激性	5	有机过氧化物引发剂，对冲击/热/摩擦敏感。远离还原剂。
偶氮二异丁腈	AIBN	易燃;爆炸性(加热);有毒分解	4	自由基引发剂，加热分解产N₂和有毒四甲基琥珀腈。冷藏(<4°C)储存。
氘代氯仿	CDCl3	有毒;致癌;挥发性	3	NMR溶剂，含TMS内标。长期接触可能致癌。
氘代DMSO	DMSO-d6	刺激性;皮肤促渗剂	2	可将溶解的化学品携带透过皮肤进入体内。佩戴丁腈手套。
石油醚(30-60)	Petroleum Ether 30-60	极度易燃;神经毒性;挥发性	4	低沸程石油醚极度易燃，蒸气远距离引燃。防爆冰箱储存。
异丙醚	Diisopropyl Ether	极度易燃;过氧化物形成(A类);爆炸性	5	最危险的过氧化物形成物之一(A类)，储存3个月后禁止使用。定期检测。
二氧六环	1,4-Dioxane	易燃;过氧化物形成(B类);致癌	4	B类过氧化物形成物，长期储存可浓缩至爆炸水平。不蒸干。
乙二醇二甲醚	DME/Glyme	易燃;过氧化物形成;生殖毒性	4	醚类溶剂，形成过氧化物。生殖毒性警示。
六甲基磷酰三胺	HMPA	致癌(IARC 2B);生殖毒性	4	强极性非质子溶剂，已被DMPU等更安全替代品取代。限制使用。
三乙基硅烷	Triethylsilane	易燃;刺激性;遇水产氢	3	还原剂，与酸反应产H₂。通风柜使用。
氯化锌	Zinc Chloride	腐蚀性;刺激性	2	路易斯酸，水解放热。储存密封防潮。
碳酸钠	Sodium Carbonate	刺激性;粉尘	1	碱性盐，大量使用无毒，粉尘避免吸入。
碳酸氢钠	Sodium Bicarbonate	无明显危害	1	小苏打，实验室酸碱中和常用。无毒但避免粉尘吸入。
EDTA二钠	EDTA-2Na	低毒;刺激性	1	金属螯合剂，大量食入可能影响矿物质吸收。
Tris碱	Tris Base	刺激性;粉尘	1	生物缓冲液常用，粉尘对眼和呼吸道有轻微刺激。
甘氨酸	Glycine	低毒	1	氨基酸，基本无毒。标准实验室操作即可。
十二烷基硫酸钠	SDS/SLS	刺激性;粉尘;致敏	2	阴离子表面活性剂，粉尘强刺激性。称量时戴N95口罩。
Triton X-100	Triton X-100	刺激性;环境危害	2	非离子表面活性剂，对水生生物有毒。含此物的废液不排入下水道。
Tween-20	Tween-20	低毒;刺激性	1	温和非离子表面活性剂。基本无毒。
NP-40	NP-40	刺激性;环境危害	2	非离子表面活性剂，类似Triton X-100环境毒性。不排入下水道。
冰乙酸	Glacial Acetic Acid	腐蚀性;易燃;强刺激性	3	凝固点16.7°C，冬季可能结晶。可燃，与氧化剂隔离存放。
乙酸酐	Acetic Anhydride	腐蚀性;易燃;催泪	4	乙酰化试剂，与水反应生成乙酸并放热。密封防潮储存。
乙酰氯	Acetyl Chloride	腐蚀性;催泪;遇水产热	4	酸性氯化物，与水和醇剧烈反应。无水条件操作。
苯甲酰氯	Benzoyl Chloride	腐蚀性;催泪;遇水产热	4	Schotten-Baumann反应常用，催泪性强烈。通风柜操作。
对甲苯磺酰氯	TsCl	腐蚀性;催泪;遇水产热	3	磺酰化试剂，与水缓慢反应。密封防潮。
二碳酸二叔丁酯	Boc2O	有毒;刺激性;遇水产气	3	Boc保护试剂，与水/醇反应产CO₂。密封冷藏。
9-芴甲氧羰基氯	Fmoc-Cl	刺激性;有毒	3	Fmoc保护试剂，粉尘避免吸入。
N,N'-二环己基碳二亚胺	DCC	致敏;刺激性	3	强致敏物，可致接触性皮炎。戴防化手套称量。
1-乙基-(3-二甲基氨基丙基)碳二亚胺	EDC	刺激性;有毒	2	水溶性碳二亚胺，比DCC安全但仍需戴手套。
1-羟基苯并三唑	HOBt	爆炸性(无水);刺激性	4	无水HOBt干燥时有爆炸风险，市售含水物安全。
O-苯并三氮唑-四甲基脲六氟磷酸盐	HBTU	刺激性;有毒	3	固相合成常用缩合剂。戴手套称量。
茚三酮	Ninhydrin	刺激性;皮肤染色	2	氨基酸检测显色剂，皮肤接触产生紫色斑点。
水合氯醛	Chloral Hydrate	有毒;管制药品	3	镇静催眠药前体，受管制。限制使用。
苦味酸	Picric Acid	爆炸性(干燥);有毒;染色	5	干燥时对冲击和摩擦极度敏感！必须保持湿润(>30%水)储存。定期检查含水量。
2,4-二硝基苯肼	2,4-DNPH	爆炸性(干燥);有毒;致敏	4	干燥时有爆炸风险，市售含水物。处理沉淀时注意。
叠氮化三甲基硅烷	TMS-N3	有毒;爆炸性;遇水产HN3	4	叠氮化试剂，与酸/水反应产生剧毒HN3气体。手套箱操作。
三氟甲磺酸三甲基硅酯	TMSOTf	腐蚀性;遇水剧烈反应;催泪	4	强Lewis酸和硅烷化试剂，遇水剧烈放热分解。无水条件操作。
三氟甲磺酸酐	Tf2O	腐蚀性;遇水剧烈反应;催泪	4	强三氟甲磺酰化试剂。无水条件，手套箱操作。
二异丙基氨基锂	LDA	发火(溶液);强碱;腐蚀性	4	大位阻强碱，溶液可燃。Schlenk线操作。
双(三甲基硅基)氨基钠	NaHMDS	发火(溶液);强碱;腐蚀性	4	比LDA更强的碱，溶液可燃。手套箱操作。
双(三甲基硅基)氨基钾	KHMDS	发火(溶液);强碱;腐蚀性	4	超强碱，溶液可燃。手套箱操作。
叔丁醇钾	t-BuOK	强碱;腐蚀性;遇水产热	4	固体强碱，吸水分解。手套箱或干燥器储存。
氢化钠	NaH	发火(遇水);强碱;产氢	5	矿物油分散体(60%)，遇水剧烈产氢可自燃。手套箱操作。
三乙酰氧基硼氢化钠	STAB	易燃;刺激性;遇水产氢	3	还原胺化试剂，遇水缓慢分解产气。密封储存。
氰基硼氢化钠	NaBH3CN	有毒(氰化物);易燃;遇酸产HCN	5	与酸反应产生剧毒HCN气体！操作时禁止使用酸性条件。手套箱。
高碘酸钠	Sodium Periodate	氧化剂;刺激性	3	邻二醇氧化裂解试剂。避免与有机物混合储存。
间氯过氧苯甲酸	mCPBA	氧化剂;爆炸性(纯品);刺激性	4	过氧酸氧化剂，对冲击敏感。市售70-75%含水物安全。
戴斯-马丁氧化剂	DMP	氧化剂;爆炸性(加热);刺激性	4	高价碘氧化剂，加热至>130°C分解爆炸。冷藏储存。
2,2,6,6-四甲基哌啶氧化物	TEMPO	氧化剂;刺激性;腐蚀性	3	稳定自由基催化氧化剂。低毒但仍需戴手套。
N-溴代丁二酰亚胺	NBS	刺激性;催泪;氧化剂	3	溴代试剂，催泪性强。通风柜操作。
N-氯代丁二酰亚胺	NCS	刺激性;催泪;氧化剂	3	氯代试剂，比NBS刺激性更强。通风柜操作。
偶氮二甲酸二乙酯	DEAD	爆炸性;有毒;致突变	5	Mitsunobu反应试剂，加热或撞击可爆炸。通常配成40%甲苯溶液使用。
偶氮二甲酸二异丙酯	DIAD	爆炸性;有毒	4	DEAD的更安全替代品但仍具爆炸性。冷藏储存。
三苯基膦	Triphenylphosphine	刺激性;有毒	2	Mitsunobu反应副产物氧化三苯基膦难分离。
四(三苯基膦)钯	Pd(PPh3)4	刺激性;有毒;贵金属	3	钯催化剂，对空气和光敏感。氩气保护冷藏。
二氯二(三苯基膦)钯	Pd(PPh3)2Cl2	刺激性;有毒	3	Suzuki偶联常用催化剂。标准实验室操作。
醋酸钯	Pd(OAc)2	有毒;刺激性	3	均相催化前体，避免粉尘吸入。