run,file,size_bytes,magic_pdf,pages,parse_error,verdict
pdf_source_backups_20260725,001_www.agilent.com_cf10926332_7890B_Safety.pdf,512345,yes,18,,ok
pdf_source_backups_20260725,002_ehs.stanford.edu_3ee5976b86_lab-chemical-safety-plan.pdf,3214863,yes,49,,ok
pdf_source_backups_20260725,002_www.agilent.com_e78975e008_Best_Practice_LC_Operations.pdf,8929577,yes,36,,ok
pdf_source_backups_20260725,003_icp-ms.help.agilent.com_da120930cf_G8400-90016_Precautions.pdf,135253,yes,22,,ok
pdf_source_backups_20260725,003_www.agilent.com_f579a36ba4_7890A_GC_User_Manual_Collection.pdf,203396,yes,1,,ok
pdf_source_backups_20260725,003_www.epa.gov_834f0fa9eb_hw-char.pdf,388098,yes,30,,ok
pdf_source_backups_20260725,004_community.agilent.com_85b1f6e3da_G7446_2D00_35102B-Agilent-magnetic-Resonance-systems.pdf,525352,yes,26,,ok
pdf_source_backups_20260725,005_icp-ms.help.agilent.com_093ff014b6_G3666-90006_Precautions.pdf,149077,yes,25,,ok
pdf_source_backups_20260725,005_www.agilent.com_2e85fcbdda_Getting_your_HPLC_Back_up_and_running_flyer.pdf,211765,yes,2,,ok
pdf_source_backups_20260725,006_ehs.stanford.edu_12afb031b6_Storage-Group-Poster.pdf,415350,yes,2,,ok
pdf_source_backups_20260725,006_reach.cdc.gov_7555d57f03_Crisis_Response_Toolkit.pdf,2832707,yes,33,,ok
pdf_source_backups_20260725,006_www.agilent.com_84a914f168_gc-detector-design-troubleshooting-flame-ionization-fid-theory-basics-gas-flows-july212020.pdf,1630070,yes,34,,ok
pdf_source_backups_20260725,007_www-pub.iaea.org_e0b1124559_Pub1578_web-57265295.pdf,1735533,yes,471,,ok
pdf_source_backups_20260725,007_www.agilent.com_595a0c88ab_7800_7900_ICP-MS_Site_Preparation_Checklist_Rev.B.pdf,1341639,yes,36,,ok
pdf_source_backups_20260725,007_www.cdc.gov_d4f78c722a_2007-107.pdf,1718683,yes,86,,ok
pdf_source_backups_20260725,008_www.agilent.com_63de034a65_Agilent_8890_GC_Site_Preparation_Checklist.pdf,1770056,yes,20,,ok
pdf_source_backups_20260725,008_www.metrohm.com_acae1cee54_89308001EN.pdf,6623999,yes,85,,ok
pdf_source_backups_20260725,009_documents.thermofisher.com_3ad2bc480a_Summit-UG.pdf,1580105,yes,87,,ok
pdf_source_backups_20260725,009_www.agilent.com_b61a8b42ed_5971-6636_Atomic_Safety_Info_EN.pdf,192474,yes,10,,ok
pdf_source_backups_20260725,010_www.agilent.com_72f2f1302b_9000_Operation.pdf,10232147,yes,220,,ok
pdf_source_backups_20260725,011_documents.thermofisher.com_1a6f1ab4aa_summit-lite-site-and-safety-en.pdf,152712,yes,12,,ok
pdf_source_backups_20260725,011_www.agilent.com_1558986509_G1364E-User.pdf,3261749,yes,170,,ok
pdf_source_backups_20260725,011_www.cdc.gov_d63122f612_0159-020109-Sheet404.pdf,1788572,yes,2,,ok
pdf_source_backups_20260725,012_www.agilent.com_3fabcce5d1_G3430-90052_7890B_Maintaining_Guide.pdf,13802129,yes,354,,ok
pdf_source_backups_20260725,012_www.epa.gov_8792585a8b_cont05.pdf,64039,yes,13,,ok
pdf_source_backups_20260725,013_www.agilent.com_6cd4ed6324_user-guide-coverting-ei-gcms-instruments-5994-2312en-agilent.pdf,1415055,yes,36,,ok
pdf_source_backups_20260725,014_documents.thermofisher.com_9cd916ab6e_sn-43363-icp-oes-aas-benefits-sn43363-en.pdf,779548,yes,6,,ok
pdf_source_backups_20260725,014_www.agilent.com_f1ec1c8e28_usermanual-gc-operation-8890-g3540-90014-en-agilent.pdf,8652212,yes,292,,ok
pdf_source_backups_20260725,015_documents.thermofisher.com_01f08b18e8_ii-1r120591-0001-isq-ec-ms-req-ii1r1205910001-en.pdf,1248416,yes,56,,ok
pdf_source_backups_20260725,015_www.agilent.com_9ab71fafa6_G9214-90000_RapidFire360_User_RevD.pdf,7707844,yes,102,,ok
pdf_source_backups_20260725,016_reach.cdc.gov_75cb61930d_Autoclave-Text-Version-UPDATED.pdf,2456613,yes,17,,ok
pdf_source_backups_20260725,017_smse.seu.edu.cn_eebd584c1f_e1702a0e-d3c7-4843-9d57-8a4c24093f9d.pdf,9848148,yes,412,,ok
pdf_source_backups_20260725,017_www.cdc.gov_7ace507565_2014-102.pdf,5516931,yes,95,,ok
pdf_source_backups_20260725,018_www.bc.edu_2e36f7aeb9_NMR_Safety_Plan.pdf,98320,yes,3,,ok
pdf_source_backups_20260725,024_sciex.com_33d2d94ccf_safety-practices-guide-en.pdf,392516,yes,25,,ok
pdf_source_backups_20260725,027_stacks.cdc.gov_98d1fd35e2_cdc_214551_DS1.pdf,95768,yes,9,,ok
pdf_source_backups_20260725,029_www.acs.org_3aaf0337a5_2018-10-11-lab-safety-culture-slides.pdf,2919337,yes,23,,ok
pdf_source_backups_20260725,030_www.cdc.gov_e29148dfdb_2009-147-revised.pdf,2584022,yes,82,,ok
pdf_source_backups_20260725,030_www.shimadzu.com_372fbf1c9f_bgaz-4000-2007.pdf,2590398,yes,48,,ok
pdf_source_backups_20260725,031_ccc.chem.pitt.edu_54d69831fe_safety-manual.pdf,4559929,yes,301,,ok
pdf_source_backups_20260725,031_www.cdc.gov_2f2ec580d1_2011-199.pdf,1782669,yes,24,,ok
pdf_source_backups_20260725,032_adrona.lv_290b901468_TGA-4000-Specifiactions_English.pdf,218006,yes,2,,ok
pdf_source_backups_20260725,032_www.cdc.gov_0c673239e9_2011-200.pdf,1633009,yes,28,,ok
pdf_source_backups_20260725,033_assets.thermofisher.com_f762746cf1_MAN0016959_GAHyPerformanceAPTSKit_UG.pdf,937896,yes,40,,ok
pdf_source_backups_20260725,033_www.cdc.gov_1f06f0fc6b_2012-123.pdf,793994,yes,2,,ok
pdf_source_backups_20260725,034_documents.thermofisher.com_81500d1616_apex-te-mct-an64724-en.pdf,1224156,yes,4,,ok
pdf_source_backups_20260725,034_www.cdc.gov_d0b717ab25_2023-139revised092023.pdf,429689,yes,2,,ok
pdf_source_backups_20260725,035_documents.thermofisher.com_714ccaa72b_50155784-c-Thermo_Scientific_Sorvall_ST_16R-en.pdf,803970,yes,51,,ok
pdf_source_backups_20260725,035_www.cdc.gov_674a7e7f5a_2025-107.pdf,2445786,yes,164,,ok
pdf_source_backups_20260725,036_documents.thermofisher.com_be4be0cbb2_bsc-a2-b2-differences-appnote.pdf,190114,yes,6,,ok
pdf_source_backups_20260725,036_www.cdc.gov_809385b67a_2025-100.pdf,1105489,yes,8,,ok
pdf_source_backups_20260725,037_documents.thermofisher.com_7491821c25_FL53370-gas-phase-ftir-smoke-toxicity-measurements.pdf,739137,yes,2,,ok
pdf_source_backups_20260725,037_www.cdc.gov_6c0e51fbe9_1993-0802-2338.pdf,347717,yes,33,,ok
pdf_source_backups_20260725,038_www.cdc.gov_1c45147cb5_1999-0313-2802.pdf,212227,yes,14,,ok
pdf_source_backups_20260725,039_ehs.stonybrook.edu_92d2ec072f_EHS_Policy_4.5_Laboratory_Chemical_Fume_Hood_Safety_Program.pdf,273948,yes,11,,ok
pdf_source_backups_20260725,039_www.cdc.gov_4264504700_2017-0114-3357.pdf,1860035,yes,53,,ok
pdf_source_backups_20260725,040_www.cdc.gov_155c899d97_74-7-270.pdf,5316514,yes,26,,ok
pdf_source_backups_20260725,041_greenlabs.caltech.edu_6b590d71fc_LC-125_Lab-Guidelines-and-Standards_RevC_US.pdf,356358,yes,34,,ok
pdf_source_backups_20260725,041_www.cdc.gov_de8e61f710_83-63-1364.pdf,1362166,yes,8,,ok
pdf_source_backups_20260725,042_lcc.sjtu.edu.cn_8b99dd9cd8_pdf.pdf,730162,yes,32,,ok
pdf_source_backups_20260725,043_nationalmaglab.org_005478fdf4_sp-13-chemical-safety-procedure.pdf,798667,yes,59,,ok
pdf_source_backups_20260725,045_nmr.nd.edu_298a5e0871_bruker_nmr_training_g.1.pdf,451808,yes,10,,ok
pdf_source_backups_20260725,046_reagent.bjmu.edu.cn_f653362bef_20230414134400495__20210610.pdf,1728047,yes,44,,ok
pdf_source_backups_20260725,048_tuttnauer.com_6017cb28d4_Manual-Autoclaves-Cleaning_Weekly.pdf,1646457,yes,29,,ok
pdf_source_backups_20260725,051_www.birmingham.ac.uk_68514fa131_brochure-br010en-03-a-invia-confocal-raman-microscope-1.pdf,4058621,yes,26,,ok
pdf_source_backups_20260725,064_www.csi.cuny.edu_a0f7b3baf1_CSI_Chemical_Hygiene_Plan.pdf,1902663,yes,64,,ok
pdf_source_backups_20260725,070_www.renishaw.com_034894fa56_declaration-of-conformity-invia-raman-spectrometer--130961.pdf,56026,yes,1,,ok
pdf_source_backups_20260725,071_www.shimadzu.com_08f8d1fc92_c122-e064.pdf,1810449,yes,20,,ok
pdf_source_backups_20260725,072_www.slu.edu_03ba95a15f_chemical_hygiene_plan.pdf,452921,yes,34,,ok
pdf_source_backups_20260725,075_www.uwindsor.ca_edb6badd53_lsm_2025.pdf,2441384,yes,93,,ok
pdf_source_backups_20260725,dl_iwaste.epa.gov_9fd55afb07_handbk4.pdf,1476995,yes,22,,ok
pdf_source_backups_20260725,repl_001_ehs.yale.edu_68ba2299cb_biosafety-manual.pdf,8494381,yes,201,,ok
pdf_source_backups_20260725,repl_002_www.uoguelph.ca_cf56ee6cc1_Laboratory_Safety_Manual.pdf,9766944,yes,107,,ok
pdf_source_backups_20260725,repl_003_www.agilent.com_6d748cab68_user-manual-gcms-hydrogen-safety-q7003-90053-en-agilent.pdf,1050563,yes,82,,ok
pdf_source_backups_20260725,retry_001_documents.thermofisher.com_5dbcf8b027_Man-1R120706-0002-GC-MS-Q-Exactive-Man1R1207060002-EN.pdf,15035677,yes,187,,ok
pdf_source_backups_20260725,retry_003_chemistry.unt.edu_0457e87f5b_tga_2_user_manual.pdf,18950193,yes,62,,ok
pdf_source_backups_20260725,sslfix_014_nmr.chem.ucsb.edu_ca6c6b71e3_user_manual_topspin_ts40.pdf,10830901,yes,272,,ok
pdf_source_backups_20260725,sslfix_016_www.acs.org_7885fdc906_academic-safety-culture-report.pdf,1088353,yes,63,,ok
pdf_source_backups_20260725,sslfix_034_www.weizmann.ac.il_8a34284a26_bruker_magnet_safety_0.pdf,166270,yes,12,,ok
pdf_source_backups_20260725,sslfix_035_www.weizmann.ac.il_3d6d102a1b_bruker_refill_manual_0.pdf,1067100,yes,44,,ok
pdf_source_backups_20260728,001_www.osha.gov_272a509b99_OSHA3404LABORATORY-SAFETY-GUIDANCE.pdf,1997395,yes,52,,ok
pdf_source_backups_20260728,002_documents.thermofisher.com_b5022506ec_Man-4820-3601-LC-Vanquish-UHPLC-Man48203601-EN.pdf,4568712,yes,154,,ok
pdf_source_backups_20260728,003_osp.od.nih.gov_05b0e68e10_NIH_Guidelines.pdf,2015735,yes,132,,ok
pdf_source_backups_20260728,004_www.osha.gov_d5f3a672e9_OSHA3088.pdf,1614102,yes,30,,ok
pdf_source_backups_20260728,005_www.osha.gov_2f0ead6589_OSHA3678.pdf,1181236,yes,2,,ok
pdf_source_backups_20260728,006_www.osha.gov_567c79ad70_OSHAFACTSHEET-LABORATORY-SAFETY-CHEMICAL-HYGIENE-PLAN.pdf,402549,yes,2,,ok
pdf_source_backups_20260728,007_ehs.berkeley.edu_a063a7746b_compressed-gas-proper-use-booklet.pdf,715617,yes,16,,ok
pdf_source_backups_20260728,009_www.osha.gov_ab2c082214_OSHAFACTSHEET-LABORATORY-SAFETY-OSHA-LAB-STANDARD.pdf,403077,yes,2,,ok
pdf_source_backups_20260728,010_www.nrc.gov_6b69602e3e_ML013330106.pdf,10392186,yes,221,,ok
pdf_source_backups_20260728,011_www.nrc.gov_4661509190_ML080910098.pdf,6227942,yes,54,,ok
pdf_source_backups_20260728,012_www.nrc.gov_9600f77148_ML25175A081.pdf,1208570,yes,20,,ok
pdf_source_backups_20260728,013_www.nrc.gov_2f3f53aafe_ML101900087.pdf,206986,yes,6,,ok
pdf_source_backups_20260728,014_www.osha.gov_6b779ab17e_FORMALDEHYDE-FACTSHEET.pdf,1078638,yes,2,,ok
pdf_source_backups_20260728,015_www.osha.gov_2200a64589_OSHA3071.pdf,492885,yes,51,,ok
pdf_source_backups_20260728,016_www.osha.gov_e1dfae08d0_OSHA3151.pdf,572471,yes,46,,ok
pdf_source_backups_20260728,017_www.osha.gov_b80c075541_OSHA4480.pdf,293248,yes,4,,ok
pdf_source_backups_20260728,018_ehs.berkeley.edu_169195031b_tcp-gas-program.pdf,890676,yes,22,,ok
pdf_source_backups_20260728,019_tools.thermofisher.com_8d358f2066_iCAP_6000_Spectrometers_Pre-Installation_Manual_v4_2.pdf,500186,yes,21,,ok
pdf_source_backups_20260728,020_www.nrc.gov_a4a5ad0c99_ML082280814.pdf,2543544,yes,36,,ok
pdf_source_backups_20260728,021_www.nrc.gov_c359985a3a_ML082750235.pdf,78339,yes,2,,ok
pdf_source_backups_20260728,022_www.nrc.gov_17858c3c34_ML12044A227.pdf,1153659,yes,22,,ok
pdf_source_backups_20260728,023_www.nrc.gov_7d02ee9cab_ML13064A088.pdf,251941,yes,3,,ok
pdf_source_backups_20260728,024_www.nrc.gov_9613606c2a_ML16090A100.pdf,279909,yes,30,,ok
pdf_source_backups_20260728,025_www.osha.gov_67438391e1_fireprotection.pdf,114688,yes,10,,ok
pdf_source_backups_20260728,026_www.osha.gov_8ef3bf1ee6_Job_Hazard_Analysis_Worksheet.pdf,548654,yes,6,,ok
pdf_source_backups_20260728,027_www.osha.gov_3279d35b66_CPL_02-01-065.pdf,938667,yes,103,,ok
pdf_source_backups_20260728,028_www.osha.gov_a07b6d0bab_PUB_8-1_5.pdf,3576486,yes,88,,ok
pdf_source_backups_20260728,029_www.osha.gov_d5d6838aad_OSHA3172.pdf,5583324,yes,40,,ok
pdf_source_backups_20260728,030_www.osha.gov_43ee38849b_OSHA3780.pdf,781817,yes,4,,ok
pdf_source_backups_20260728,031_www.osha.gov_66790597ef_OSHA3908.pdf,810731,yes,38,,ok
pdf_source_backups_20260728,032_www.osha.gov_7a7a562316_OSHA3909.pdf,407996,yes,32,,ok
pdf_source_backups_20260728,033_www.osha.gov_e5ec8ee891_OSHA3912.pdf,495817,yes,32,,ok
pdf_source_backups_20260728,034_www.osha.gov_8d6bfd6b9b_OSHA3918.pdf,677281,yes,40,,ok
pdf_source_backups_20260728,035_www.osha.gov_8cc6a0f103_OSHAfactsheet-laboratory-safety-chemical-hygiene-plan.pdf,402549,yes,2,,ok
pdf_source_backups_20260728,036_www.osha.gov_09280e99fa_OSHAfactsheet-metrics-in-psm.pdf,173738,yes,3,,ok
pdf_source_backups_20260728,037_www.osha.gov_cfefbcfc34_OSHAquickfacts-lab-safety-chemical-fume-hoods.pdf,83117,yes,2,,ok
pdf_source_backups_20260728,038_www.osha.gov_2032d037d3_OSHAquickfacts-lab-safety-labeling-chemical-transfer.pdf,465762,yes,2,,ok
pdf_source_backups_20260728,039_www.osha.gov_ffb1561212_highly-hazardous-chemicals-factsheet.pdf,63816,yes,2,,ok
pdf_source_backups_20260728,040_www.umb.edu.pl_8cb1297878_User_manual_Zetasizer.pdf,7235817,yes,250,,ok
pdf_source_backups_20260803,001_www.cdc.gov_586eec22a4_SF__19_308133-A_BMBL6_00-BOOK-WEB-final-3.pdf,4953083,yes,604,,ok
pdf_source_backups_20260803,002_ors.od.nih.gov_be7b971876_chemical-hygiene-plan.pdf,1750513,yes,102,,ok
pdf_source_backups_20260803,003_ehs.yale.edu_9b3d0cd530_laboratory-chemical-hygiene-plan.pdf,1175846,yes,69,,ok
pdf_source_backups_20260803,005_ors.od.nih.gov_be77175599_biosafety-in-microbiological-and-biomedical-laboratories.PDF,4559461,yes,604,,ok
pdf_source_backups_20260803,006_ors.od.nih.gov_204e155613_exposure-control-plan.pdf,416109,yes,16,,ok
pdf_source_backups_20260803,007_ors.od.nih.gov_d6b282148d_laser-safety-program.pdf,965515,yes,24,,ok
pdf_source_backups_20260803,008_ors.od.nih.gov_de0f29a5de_compressed-gas-and-cryogen-safety-guidelines-document.pdf,776401,yes,15,,ok
pdf_source_backups_20260803,009_ors.od.nih.gov_30c8fdbcd0_managing-pyrophoric-and-water-reactive-chemicals-in-the-laboratories.pdf,354828,yes,7,,ok
pdf_source_backups_20260803,010_ors.od.nih.gov_d13f376081_nih-dichloromethane-health-and-safety-plan.pdf,356312,yes,11,,ok
pdf_source_backups_20260803,011_ors.od.nih.gov_5f43c3a81b_chemical-segregation-and-storage.pdf,681833,yes,3,,ok
pdf_source_backups_20260803,012_ors.od.nih.gov_e645ac7e62_laboratory-coat-selection-guidance.pdf,162799,yes,9,,ok
pdf_source_backups_20260803,013_ors.od.nih.gov_146ebe2451_lab-specific-sop-template.pdf,363989,yes,9,,ok
pdf_source_backups_20260803,014_ors.od.nih.gov_5d6c4f3928_managing-peroxide-formers-in-the-lab.pdf,250972,yes,2,,ok
pdf_source_backups_20260803,015_ehs.yale.edu_057ec811be_ppe-procedure-labs.pdf,396978,yes,7,,ok
pdf_source_backups_20260803,016_ors.od.nih.gov_d1f33111b2_particularly-hazardous-substances-phs.pdf,322474,yes,3,,ok
pdf_source_backups_20260803,017_ehs.yale.edu_13b864d03b_chemicals-ehs-approval.pdf,214637,yes,10,,ok
pdf_source_backups_20260803,018_ehs.yale.edu_185995e918_gene-drive-modified-organisms.pdf,113148,yes,8,,ok
pdf_source_backups_20260803,019_ors.od.nih.gov_aaf1f5ea3c_how-to-safely-clean-cfh-web.pdf,145046,yes,2,,ok
pdf_source_backups_20260803,020_ors.od.nih.gov_33de27c38a_working-safely-with-dichloromethane.pdf,208763,yes,3,,ok
pdf_source_backups_20260803,021_ors.od.nih.gov_e3e9b4766d_exempt-toxin-program-requirements.pdf,162509,yes,3,,ok
pdf_source_backups_20260803,022_ors.od.nih.gov_f03fd68942_fact-sheet-on-chemical-storage-cabinets.pdf,253225,yes,2,,ok
pdf_source_backups_20260803,023_ors.od.nih.gov_57247385fd_inactivation-method-review-process.pdf,289223,yes,4,,ok
pdf_source_backups_20260803,025_ehs.yale.edu_0448ab9fe8_laser-sop.pdf,144569,yes,4,,ok
pdf_source_backups_20260803,026_ors.od.nih.gov_e7a31936b6_fact-sheet-on-compatible-chemical-storage.pdf,265345,yes,2,,ok
pdf_source_backups_20260803,027_ors.od.nih.gov_bfc3dafacb_occupational-exposure-limits-for-chemicals.pdf,37177,yes,1,,ok
pdf_source_backups_20260803,028_ehs.yale.edu_a87c5d206f_fume-hood-repair-notice.pdf,28026,yes,2,,ok
pdf_source_backups_20260803,029_ehs.yale.edu_fabd53fc78_student-shop-rules.pdf,144276,yes,1,,ok
pdf_source_backups_20260803,030_ehs.yale.edu_0d7ca6f993_waste-in-place.pdf,856073,yes,1,,ok
pdf_source_backups_20260803,031_ehs.yale.edu_85a2fd75c6_biosafety-cabinet-poster.pdf,2696804,yes,1,,ok
